id;course_code;course_title;method;duration;period;description;comments
1;fbdd8b44-6687-4a5f-8131-621c33b042ee;recontextualize synthesizing;TRAININGCL;95612;WEEKS;compressing;Rubber Refined Frozen Shoes
2;36ce6754-0835-4d73-ab23-d8af11d13e26;Gorgeous Cotton Ball Handcrafted;WORKSHOP;8514;HOURS;Checking Account;open-source Small
3;97d7ac4a-68b8-4153-8eab-e4e5a9802152;virtual;TRAININGCL;84953;MONTHS;transmit Licensed;Delaware
4;8ff9a301-a25a-40bc-89de-b51bf05e6135;Soft;WORKSHOP;5227;HOURS;holistic Small;functionalities bluetooth
5;5c09d97d-d9d4-446d-b604-a3bf4fc2b4e5;Home Loan Account;TRAINING;20839;MONTHS;Practical Granite Salad Pants;Regional
6;4645f401-8fe7-441f-b8d9-5393fd2fb75e;Keyboard;TRAINING;18830;WEEKS;e-business copy Computers;grid-enabled
7;cab87f22-7671-4d7e-a4eb-05003c1627d6;sky blue back up;WORKSHOP;75762;WEEKS;tan;scale even-keeled
8;44bc3399-b0b1-4d2d-90a3-211e0e55999b;payment;WORKSHOP;15424;MONTHS;Cheese purple Rubber;index parse
9;82a25fb9-0d72-4825-8e07-e798550e68ee;Buckinghamshire 1080p wireless;TRAINING;15681;DAYS;Kazakhstan;magenta Ergonomic copy
10;a7939330-fbdb-42a8-a90c-0a826f490101;RSS;TRAINING;28571;DAYS;parsing transmit;Refined Soft Salad
